Filename,Frequency
Wave003.csv,1.49128e+006
Wave007.csv,7.02004e+006
Wave000.csv,9.39045e+006
Wave004.csv,2.44954e+007
Wave006.csv,2.49922e+007
Wave001.csv,2.79352e+007
Wave005.csv,4.72035e+007

Wave009.csv,9.26684e+007
Wave008.csv,9.57895e+007
Wave010.csv,9.80699e+007

Wave002.csv,5.1364e+007
